1,Halvorson Kris and Cruickshank,WOMENFASHON,18.222,142.008
2,Kautzer Lesch and Reichel,CHILDFASHON,86.917,147.968
3,O'Hara Group,CHILDFASHON,20.159,138.037
4,Ritchie-Treutel,KITCHENUTILITIES,82.888,127.453
5,MacGyver Larson and Donnelly,WOMENFASHON,14.673,147.303
6,Hills and Sons,MENFASHON,18.497,120.888
7,Wiza Wolf and Bayer,CHILDFASHON,12.54,147.635
8,Stokes Inc,CHILDFASHON,34.044,126.756
9,Botsford Schaden and Turcotte,MENFASHON,82.717,128.816
10,Swaniawski-Kub,CHILDFASHON,66.12,148.571
11,O'Hara Inc,HOUSEHOLDS,64.475,147.158
12,Zieme Wolf and Heathcote,WOMENFASHON,52.338,131.348
13,Toy-Rohan,KITCHENUTILITIES,78.537,147.737
14,Leffler-Gottlieb,WOMENFASHON,72.086,104.673
15,Quigley Inc,HOUSEHOLDS,18.774,129.85
16,Corwin Borer and Brekke,HOUSEHOLDS,65.148,122.446
17,Zieme Mitchell and Terry,MENFASHON,89.379,138.848
18,Heathcote Cartwright and Senger,MENFASHON,30.969,107.454
19,Watsica Inc,KITCHENUTILITIES,57.587,119.104
20,Boyle Dach and Ferry,MENFASHON,37.297,118.26
21,Wisoky Group,WOMENFASHON,63.42,137.698
22,Stamm Turcotte and Tillman,HOUSEHOLDS,56.769,133.915
23,Stroman and Sons,MENFASHON,91.156,147.911
24,Connelly-Ratke,MENFASHON,1.039,102.871
25,Cartwright-Altenwerth,KITCHENUTILITIES,57.547,118.086
26,Stehr Group,KITCHENUTILITIES,93.033,105.308
27,Johns Moore and Bahringer,MENFASHON,12.578,100.617
28,Wunsch and Sons,HOUSEHOLDS,49.683,142.389
29,Flatley Collier and Runolfsdottir,WOMENFASHON,85.816,127.499
30,Schroeder-Boehm,MENFASHON,74.273,142.685
31,Schaefer Ritchie and Daniel,MENFASHON,33.438,144.481
32,Harvey-Roberts,MENFASHON,82.142,120.744
33,Jacobson-Romaguera,MENFASHON,56.7,134.4
34,Pagac LLC,MENFASHON,80.864,122.181
35,Hilll Haley and Pacocha,HOUSEHOLDS,33.842,119.307
36,Green and Sons,CHILDFASHON,49.599,100.46
37,Beatty Heathcote and Ledner,KITCHENUTILITIES,89.368,123.575
38,Legros Group,KITCHENUTILITIES,24.241,108.907
39,Gottlieb O'Kon and Wolf,CHILDFASHON,83.496,149.3
40,Grant Inc,KITCHENUTILITIES,72.932,149.913
41,Kirlin-Powlowski,HOUSEHOLDS,89.003,104.412
42,Johns Willms and Hudson,HOUSEHOLDS,36.5,132.603
43,Powlowski LLC,CHILDFASHON,24.883,142.481
44,Reilly-Ortiz,WOMENFASHON,38.994,144.354
45,Predovic Streich and Jones,HOUSEHOLDS,4.069,109.604
46,Schultz-Jenkins,HOUSEHOLDS,96.319,143.116
47,Cormier Inc,KITCHENUTILITIES,78.28,107.682
48,McLaughlin-Bergnaum,MENFASHON,4.106,125.079
49,Macejkovic Group,MENFASHON,2.069,101.023
50,Dare-Kirlin,CHILDFASHON,67.368,101.296
51,Koelpin Group,KITCHENUTILITIES,2.627,113.048
52,Blick-Gibson,MENFASHON,67.791,102.366
53,Ernser Group,WOMENFASHON,74.497,127.26
54,Trantow-Rodriguez,HOUSEHOLDS,58.613,110.23
55,Leffler LLC,CHILDFASHON,6.009,106.095
56,Reynolds-Lind,WOMENFASHON,29.638,148.749
57,Raynor LLC,MENFASHON,21.221,136.138
58,Ziemann-Nienow,HOUSEHOLDS,19.044,125.988
59,Schultz-Emmerich,MENFASHON,90.127,122.638
60,Upton-Beatty,CHILDFASHON,14.055,137.998
61,Blick-Rohan,WOMENFASHON,65.191,116.152
62,Hodkiewicz-Boyer,WOMENFASHON,54.947,129.342
63,Hegmann and Sons,MENFASHON,50.156,108.287
64,Hegmann Inc,CHILDFASHON,85.628,148.008
65,Morar-Okuneva,KITCHENUTILITIES,10.225,125.799
66,Kiehn Group,WOMENFASHON,83.33,143.689
67,Davis Howell and O'Reilly,MENFASHON,74.178,121.874
68,Kuhlman Huels and Gottlieb,KITCHENUTILITIES,76.405,131.458
69,Ruecker Group,WOMENFASHON,27.838,119.182
70,Kub Altenwerth and Homenick,HOUSEHOLDS,91.609,147.854
71,Rath-Rowe,HOUSEHOLDS,9.518,122.217
72,Breitenberg Group,CHILDFASHON,26.253,125.358
73,Schmeler-McDermott,MENFASHON,64.126,100.662
74,Simonis Braun and Collins,HOUSEHOLDS,48.11,137.874
75,Watsica and Sons,MENFASHON,21.874,106.165
76,Hermiston Daniel and Pfeffer,WOMENFASHON,95.992,135.736
77,Tromp Johnson and Blick,HOUSEHOLDS,21.472,137.925
78,Stokes-Abshire,KITCHENUTILITIES,87.764,104.085
79,Corwin Inc,WOMENFASHON,55.708,141.693
80,Lebsack Rodriguez and Ritchie,CHILDFASHON,83.179,135.143
81,Wiegand Okuneva and Fadel,KITCHENUTILITIES,46.28,138.372
82,Bashirian Murphy and Crist,KITCHENUTILITIES,8.926,141.99
83,Torp and Sons,KITCHENUTILITIES,3.565,127.59
84,Rau Bode and Gibson,WOMENFASHON,5.556,124.766
85,Lubowitz Bayer and Howell,CHILDFASHON,69.355,141.434
86,McGlynn-Johnson,CHILDFASHON,37.142,128.333
87,Parker Pacocha and Dickinson,HOUSEHOLDS,64.259,124.67
88,Johns Konopelski and Vandervort,MENFASHON,46.826,134.182
89,Crooks Crist and Hudson,CHILDFASHON,81.423,119.786
90,Homenick Abbott and McGlynn,WOMENFASHON,98.573,143.653
91,Hammes and Sons,MENFASHON,39.698,134.286
92,Roberts Jakubowski and Tromp,WOMENFASHON,26.733,112.513
93,Doyle-Baumbach,MENFASHON,78.945,125.035
94,Pollich-Dietrich,MENFASHON,22.424,126.362
95,Sporer LLC,MENFASHON,81.679,116.309
96,Powlowski-Herzog,HOUSEHOLDS,2.487,140.715
97,Wolf-Sawayn,KITCHENUTILITIES,34.889,139.875
98,Maggio-McLaughlin,CHILDFASHON,92.742,110.209
99,Watsica-Zulauf,MENFASHON,20.155,138.712
100,Reynolds Group,MENFASHON,2.087,122.827
101,Kemmer Smith and Heathcote,HOUSEHOLDS,22.667,138.799
102,Swaniawski-Koelpin,MENFASHON,24.148,124.205
103,Dickens-Smith,KITCHENUTILITIES,3.669,110.455
104,Borer and Sons,HOUSEHOLDS,37.078,123.856
105,Hane Fisher and Stark,CHILDFASHON,20.582,100.759
106,Hyatt Bechtelar and Pfannerstill,MENFASHON,17.094,111.041
107,Johnston Mitchell and Ziemann,MENFASHON,18.817,141.365
108,Watsica LLC,WOMENFASHON,89.715,145.709
109,Ferry Schamberger and Purdy,MENFASHON,47.376,137.297
110,Wilderman Inc,KITCHENUTILITIES,99.842,138.082
111,Gislason Morissette and Stanton,KITCHENUTILITIES,40.358,140.218
112,Mante-Harber,WOMENFASHON,3.897,110.815
113,Nicolas Inc,KITCHENUTILITIES,44.605,109.775
114,Gerlach Group,MENFASHON,14.097,140.131
115,Senger-Ryan,WOMENFASHON,19.863,102.906
116,Wiza Cole and Bartoletti,CHILDFASHON,13.5,145.536
117,Mante Considine and Davis,WOMENFASHON,75.438,115.958
118,Orn Swift and Wintheiser,MENFASHON,40.037,131.389
119,Mosciski-Weimann,CHILDFASHON,99.538,139.859
120,Quitzon and Sons,HOUSEHOLDS,18.84,114.26
121,Herman Inc,WOMENFASHON,46.481,101.464
122,Lind Group,MENFASHON,49.131,135.165
123,Lesch Gutkowski and Reinger,CHILDFASHON,39.418,113.304
124,Ruecker Group,WOMENFASHON,34.673,107.941
125,Paucek Inc,HOUSEHOLDS,70.826,149.982
126,Bartell Pacocha and Hansen,KITCHENUTILITIES,26.809,130.537
127,Koch and Sons,HOUSEHOLDS,83.686,103.684
128,Breitenberg LLC,MENFASHON,41.424,133.067
129,Bergnaum Group,HOUSEHOLDS,22.497,136.995
130,Watsica Inc,HOUSEHOLDS,68.496,142.629
131,Wilkinson-Willms,CHILDFASHON,78.561,117.419
132,Ryan Purdy and Lockman,CHILDFASHON,60.727,123.021
133,Crist Von and Boyer,KITCHENUTILITIES,50.874,103.913
134,Renner Stark and Hirthe,KITCHENUTILITIES,32.692,105.514
135,Donnelly Boyer and Collier,MENFASHON,22.001,131.756
136,Kling Fay and Schinner,WOMENFASHON,94.416,107.09
137,Goyette-Bergstrom,WOMENFASHON,9.654,118.384
138,Veum LLC,CHILDFASHON,39.562,137.863
139,Legros Lueilwitz and Kassulke,CHILDFASHON,39.753,100.52
140,Kerluke Group,HOUSEHOLDS,28.116,123.383
141,Schroeder-Grant,WOMENFASHON,10.683,100.54
142,Trantow Pfeffer and Hettinger,CHILDFASHON,26.672,109.815
143,Pollich LLC,WOMENFASHON,31.335,123.643
144,Rath Raynor and Balistreri,KITCHENUTILITIES,6.344,115.585
145,Balistreri Group,HOUSEHOLDS,43.04,130.467
146,Conroy and Sons,WOMENFASHON,35.753,111.75
147,Goodwin-Blick,CHILDFASHON,32.878,147.736
148,Jakubowski and Sons,CHILDFASHON,97.638,104.796
149,Armstrong-Weber,HOUSEHOLDS,76.493,116.088
150,Medhurst Franecki and Senger,HOUSEHOLDS,97.392,129.311
151,Stanton-Bernier,MENFASHON,57.708,121.4
152,D'Amore and Sons,WOMENFASHON,4.149,140.487
153,Emmerich-Homenick,MENFASHON,83.528,123.831
154,Rippin Kutch and Leannon,WOMENFASHON,76.828,116.136
155,Witting Inc,CHILDFASHON,59.446,129.704
156,Corwin Dare and Gutmann,KITCHENUTILITIES,89.563,102.665
157,Flatley LLC,KITCHENUTILITIES,68.221,103.254
158,Hessel Predovic and O'Reilly,WOMENFASHON,96.671,116.5
159,Wisozk and Sons,KITCHENUTILITIES,60.213,118.306
160,Miller and Sons,WOMENFASHON,67.22,121.848
161,Jaskolski Emmerich and Casper,WOMENFASHON,62.2,111.995
162,Ebert Inc,KITCHENUTILITIES,26.725,138.786
163,O'Kon Inc,WOMENFASHON,64.348,114.724
164,Aufderhar Legros and Mosciski,KITCHENUTILITIES,30.284,124.231
165,Kunze Inc,CHILDFASHON,95.443,115.925
166,Macejkovic Gorczany and Ebert,WOMENFASHON,16.468,111.62
167,Volkman Farrell and Pollich,KITCHENUTILITIES,25.394,113.515
168,Jerde-Ruecker,MENFASHON,21.766,102.268
169,Marquardt Bradtke and Boyle,HOUSEHOLDS,6.712,141.072
170,Willms LLC,KITCHENUTILITIES,44.619,129.17
171,Legros Heidenreich and Muller,CHILDFASHON,87.41,110.817
172,Crona-Kreiger,MENFASHON,49.139,122.444
173,King Jakubowski and Kerluke,MENFASHON,46.694,128.26
174,Satterfield LLC,WOMENFASHON,67.832,133.547
175,Zboncak Lehner and Little,HOUSEHOLDS,22.819,118.842
176,Kohler-Mills,KITCHENUTILITIES,79.396,107.029
177,Conroy Heaney and Keebler,KITCHENUTILITIES,47.641,106.435
178,Kuvalis-Kuhn,CHILDFASHON,80.197,137.886
179,Mohr Group,HOUSEHOLDS,74.353,125.711
180,Leuschke-Larson,CHILDFASHON,19.415,138.431
181,Kreiger and Sons,KITCHENUTILITIES,4.049,134.519
182,Hessel Rohan and Ernser,WOMENFASHON,17.946,104.193
183,Leannon Pagac and Hackett,WOMENFASHON,26.061,123.036
184,Balistreri LLC,CHILDFASHON,23.663,124.2
185,Dickinson Prosacco and Mraz,HOUSEHOLDS,52.516,104.372
186,Carter-Boehm,WOMENFASHON,64.025,125.076
187,Herzog Barrows and Zieme,KITCHENUTILITIES,48.555,114.423
188,Crist Langosh and Stiedemann,HOUSEHOLDS,86.05,140.304
189,Hintz-Green,HOUSEHOLDS,2.011,101.581
190,Muller LLC,WOMENFASHON,65.547,133.4
191,Kirlin-Erdman,WOMENFASHON,58.931,132.125
192,Altenwerth LLC,WOMENFASHON,96.869,139.093
193,Hintz LLC,KITCHENUTILITIES,85.468,107.582
194,Pacocha Group,CHILDFASHON,64.955,137.251
195,Zieme Group,CHILDFASHON,95.971,132.847
196,Ratke Hoeger and Green,MENFASHON,34.544,126.754
197,Tromp Group,MENFASHON,75.77,147.133
198,Considine and Sons,WOMENFASHON,55.378,145.038
199,O'Conner-Pacocha,HOUSEHOLDS,73.015,122.419
200,Brekke Bernier and Frami,HOUSEHOLDS,29.871,149.939
201,Reynolds-Becker,HOUSEHOLDS,4.83,149.222
202,Kshlerin Schiller and Moore,WOMENFASHON,61.982,144.83
203,Keeling Schmeler and Torphy,WOMENFASHON,44.489,145.956
204,O'Conner and Sons,MENFASHON,64.498,131.007
205,Klein-Kovacek,HOUSEHOLDS,46.039,133.095
206,Maggio-Gutmann,CHILDFASHON,2.088,141.227
207,D'Amore-Friesen,CHILDFASHON,28.173,149.292
208,Waelchi Emmerich and DuBuque,WOMENFASHON,19.61,127.077
209,Huels-Nolan,KITCHENUTILITIES,83.413,126.547
210,Schaden Hills and Kuhic,HOUSEHOLDS,55.301,138.384
211,Reynolds LLC,MENFASHON,30.426,114.656
212,Kihn Ankunding and Dare,MENFASHON,40.156,144.081
213,Corkery McCullough and Von,CHILDFASHON,90.341,126.145
214,Toy-Smith,WOMENFASHON,87.01,116.787
215,Johnson-Lesch,KITCHENUTILITIES,42.49,104.122
216,Ward Windler and Mosciski,WOMENFASHON,3.83,124.864
217,Carroll LLC,MENFASHON,16.447,128.394
218,Runolfsdottir Hackett and Kuhn,HOUSEHOLDS,6.549,140.109
219,Kuhic and Sons,HOUSEHOLDS,66.607,142.318
220,Brown and Sons,WOMENFASHON,6.38,144.409
221,Brakus Hudson and Kuhlman,KITCHENUTILITIES,84.411,114.413
222,Lakin Lynch and Feil,CHILDFASHON,37.102,113.667
223,Hessel LLC,KITCHENUTILITIES,94.005,129.92
224,Howell Miller and Kihn,KITCHENUTILITIES,35.505,132.343
225,Connelly LLC,MENFASHON,51.753,118.696
226,Osinski-Quigley,WOMENFASHON,7.361,120.38
227,Stanton Batz and Schulist,CHILDFASHON,83.291,103.216
228,Lowe Inc,CHILDFASHON,10.309,140.419
229,Gislason Corwin and Mayer,CHILDFASHON,65.234,126.987
230,Sipes-Lubowitz,HOUSEHOLDS,7.552,114.31
231,Pagac LLC,KITCHENUTILITIES,74.389,142.107
232,Fisher McClure and Weimann,CHILDFASHON,11.157,131.2
233,Reynolds-Hayes,CHILDFASHON,86.775,111.731
234,McCullough-Krajcik,WOMENFASHON,98.5,123.525
235,Hand LLC,MENFASHON,55.043,127.473
236,Rippin Inc,HOUSEHOLDS,42.461,134.104
237,Boyer Senger and Homenick,WOMENFASHON,90.748,106.603
238,Rowe-Langosh,MENFASHON,13.771,149.228
239,Cremin Nikolaus and Shanahan,HOUSEHOLDS,45.409,129.992
240,Swift-Harris,MENFASHON,94.11,131.488
241,Hermann Group,HOUSEHOLDS,12.219,133.621
242,Gorczany Smith and Turcotte,MENFASHON,19.18,109.147
243,Powlowski Group,MENFASHON,14.898,141.755
244,Reinger Roberts and Morissette,HOUSEHOLDS,28.025,106.955
245,Turcotte Larkin and Schaefer,CHILDFASHON,36.046,128.937
246,Swaniawski-Prohaska,MENFASHON,95.648,111.277
247,Bradtke-Barrows,MENFASHON,14.353,119.219
248,Beatty-Hills,HOUSEHOLDS,22.712,147.426
249,Schroeder Mills and Jacobs,WOMENFASHON,81.116,132.252
250,Berge Grady and Leuschke,KITCHENUTILITIES,22.611,101.654
251,Johnson Harvey and Hauck,KITCHENUTILITIES,61.577,112.173
252,Parisian Bechtelar and Okuneva,CHILDFASHON,70.217,124.936
253,Weimann-Harvey,HOUSEHOLDS,60.178,148.413
254,Raynor and Sons,HOUSEHOLDS,31.061,110.27
255,Hintz-Volkman,KITCHENUTILITIES,26.954,121.797
256,Reichert Inc,CHILDFASHON,16.477,117.126
257,Schiller LLC,MENFASHON,34.622,139.265
258,Prosacco and Sons,HOUSEHOLDS,30.421,121.716
259,Hudson Kling and Beahan,KITCHENUTILITIES,89.726,120.929
260,Marvin-Romaguera,WOMENFASHON,23.698,147.093
261,Marquardt Treutel and Bechtelar,CHILDFASHON,85.236,136.0
262,Okuneva and Sons,MENFASHON,24.476,122.896
263,Konopelski Inc,MENFASHON,46.156,116.276
264,Wintheiser Inc,WOMENFASHON,29.513,115.472
265,Flatley Schultz and Casper,KITCHENUTILITIES,99.878,141.766
266,Jacobs and Sons,HOUSEHOLDS,51.604,144.837
267,Brekke Koss and Jones,KITCHENUTILITIES,61.489,137.886
268,D'Amore Inc,HOUSEHOLDS,57.505,109.616
269,Homenick-Lehner,MENFASHON,53.853,145.73
270,Rau-Krajcik,HOUSEHOLDS,98.554,109.584
271,Bode-Ratke,HOUSEHOLDS,67.288,132.938
272,Carter Leannon and Carter,KITCHENUTILITIES,5.013,131.804
273,Skiles-Legros,WOMENFASHON,70.461,143.996
274,Jast Gulgowski and Goldner,WOMENFASHON,59.186,145.736
275,Feeney White and Botsford,HOUSEHOLDS,74.101,110.109
276,Bruen-Keebler,CHILDFASHON,95.307,147.414
277,Stroman Quigley and Wisoky,MENFASHON,98.524,147.066
278,Jacobson and Sons,CHILDFASHON,62.893,116.664
279,Weissnat Group,MENFASHON,79.546,124.606
280,Daugherty Grady and Robel,WOMENFASHON,71.003,120.353
281,McClure LLC,MENFASHON,92.992,114.766
282,Predovic Inc,HOUSEHOLDS,12.618,143.62
283,Kautzer-Donnelly,CHILDFASHON,30.6,116.162
284,Lowe Group,CHILDFASHON,2.646,138.914
285,Jacobs-Dickens,MENFASHON,54.247,127.681
286,Bogan Morar and Lind,CHILDFASHON,33.968,140.363
287,Johnston Hammes and Lind,HOUSEHOLDS,6.979,113.91
288,Hettinger-Quigley,CHILDFASHON,85.278,125.611
289,Walter Stiedemann and Kilback,HOUSEHOLDS,25.5,127.464
290,Huel-Pagac,CHILDFASHON,83.486,149.974
291,Keeling Inc,KITCHENUTILITIES,94.104,107.96
292,Zemlak LLC,HOUSEHOLDS,87.332,122.759
293,Gerhold-Kunze,HOUSEHOLDS,23.617,133.299
294,Beer and Sons,MENFASHON,24.335,124.41
295,Fisher Reynolds and Littel,WOMENFASHON,91.859,139.739
296,Wintheiser and Sons,WOMENFASHON,73.718,130.761
297,Tromp Inc,CHILDFASHON,30.12,125.757
298,Fritsch Parker and Hermiston,KITCHENUTILITIES,98.421,146.195
299,Hahn and Sons,MENFASHON,16.427,141.409
300,Volkman Inc,WOMENFASHON,77.88,109.027
301,Okuneva Koch and Pagac,MENFASHON,89.235,130.87
302,Howe LLC,HOUSEHOLDS,48.233,146.128
303,Ruecker-Marvin,KITCHENUTILITIES,66.464,101.828
304,MacGyver Ortiz and McLaughlin,CHILDFASHON,5.91,116.99
305,Renner McLaughlin and Kilback,KITCHENUTILITIES,41.509,129.336
306,Johnston Schaefer and Upton,MENFASHON,38.785,127.061
307,Kertzmann Inc,KITCHENUTILITIES,7.663,108.519
308,Kuvalis-Douglas,KITCHENUTILITIES,58.756,121.825
309,Franecki Yost and Casper,KITCHENUTILITIES,84.375,114.334
310,Conn Group,MENFASHON,34.632,104.838
311,Zemlak Inc,MENFASHON,53.529,141.749
312,Torphy LLC,HOUSEHOLDS,64.51,146.802
313,Nicolas Group,MENFASHON,89.113,111.469
314,Jaskolski-Kautzer,CHILDFASHON,68.547,119.411
315,Will LLC,WOMENFASHON,32.942,136.592
316,Padberg-Bruen,KITCHENUTILITIES,11.668,135.025
317,Harvey Toy and Fritsch,MENFASHON,23.006,121.536
318,Wolf LLC,MENFASHON,56.92,128.214
319,Rippin and Sons,KITCHENUTILITIES,49.864,125.639
320,Daugherty-Mills,WOMENFASHON,66.118,108.604
321,Marquardt and Sons,CHILDFASHON,86.145,135.664
322,Steuber Lynch and O'Reilly,CHILDFASHON,82.661,118.943
323,Ruecker Treutel and Bahringer,WOMENFASHON,38.807,116.115
324,Kilback Inc,HOUSEHOLDS,29.324,121.128
325,Tremblay Inc,WOMENFASHON,30.737,145.193
326,Runolfsson Graham and Welch,HOUSEHOLDS,12.523,107.383
327,Bednar LLC,HOUSEHOLDS,70.189,100.392
328,McKenzie Hickle and Von,WOMENFASHON,25.935,140.797
329,Gibson Inc,KITCHENUTILITIES,47.584,133.498
330,Treutel Brown and Ondricka,WOMENFASHON,66.86,136.222
331,Windler Toy and Blanda,CHILDFASHON,83.188,113.661
332,Corkery Group,MENFASHON,16.163,113.111
333,Cummerata Shields and Price,CHILDFASHON,56.667,145.306
334,Abbott Cruickshank and Cartwright,WOMENFASHON,45.475,110.391
335,Marvin Inc,WOMENFASHON,82.545,102.038
336,Nader-Pfannerstill,CHILDFASHON,18.064,117.613
337,Dibbert Wintheiser and White,WOMENFASHON,15.459,120.732
338,Quitzon-Kohler,HOUSEHOLDS,96.478,121.861
339,Brown-Metz,KITCHENUTILITIES,32.587,117.746
340,Bradtke-Murphy,WOMENFASHON,61.412,122.028
341,Paucek Schulist and Barton,WOMENFASHON,66.966,121.051
342,Witting-Shanahan,WOMENFASHON,48.447,142.692
343,Conn LLC,HOUSEHOLDS,2.491,140.399
344,Renner Group,HOUSEHOLDS,11.884,144.834
345,Toy-Christiansen,MENFASHON,47.387,128.745
346,Zulauf Hahn and Waters,MENFASHON,14.776,124.277
347,Grady Group,HOUSEHOLDS,98.661,146.178
348,Rath Group,KITCHENUTILITIES,45.092,127.281
349,Haag Group,CHILDFASHON,59.863,127.402
350,Rolfson-Boyle,WOMENFASHON,59.332,110.44
351,Ledner Schneider and Moore,MENFASHON,74.555,120.795
352,Little and Sons,KITCHENUTILITIES,53.814,148.085
353,Hills-Mohr,CHILDFASHON,19.534,128.608
354,Luettgen and Sons,KITCHENUTILITIES,93.321,124.094
355,Crist Bins and Roob,HOUSEHOLDS,55.104,105.398
356,Abernathy Boehm and Howe,KITCHENUTILITIES,96.576,148.788
357,Jast LLC,WOMENFASHON,34.091,149.941
358,Wisoky Bechtelar and Okuneva,HOUSEHOLDS,81.817,136.134
359,Collier-Lesch,MENFASHON,19.128,143.477
360,Gerlach-Abshire,CHILDFASHON,55.912,118.781
361,Fay-Lesch,MENFASHON,3.209,111.865
362,Konopelski Barrows and Hudson,WOMENFASHON,40.664,145.992
363,Durgan and Sons,WOMENFASHON,41.962,120.274
364,Goodwin Collins and Becker,CHILDFASHON,7.358,118.09
365,Wunsch Bechtelar and Mertz,KITCHENUTILITIES,4.024,142.108
366,Lynch-Leffler,KITCHENUTILITIES,8.515,147.293
367,Medhurst Abernathy and Schulist,WOMENFASHON,98.858,119.136
368,Pagac Jerde and Klocko,KITCHENUTILITIES,32.149,113.555
369,Corkery Carter and Champlin,MENFASHON,20.815,126.254
370,Dickens Group,MENFASHON,30.44,144.623
371,Rice-Dooley,CHILDFASHON,26.85,114.872
372,Morissette Luettgen and Balistreri,HOUSEHOLDS,42.67,113.725
373,Kuhic-Hudson,CHILDFASHON,81.532,109.54
374,Reichert-Trantow,MENFASHON,8.494,144.121
375,Boyle and Sons,WOMENFASHON,59.489,117.569
376,Stracke LLC,WOMENFASHON,53.556,125.67
377,Muller Weimann and Davis,KITCHENUTILITIES,18.274,120.203
378,Crist Group,HOUSEHOLDS,25.526,126.997
379,Pfeffer-Bergnaum,CHILDFASHON,29.886,102.304
380,Heller-Breitenberg,KITCHENUTILITIES,22.084,147.902
381,Wuckert Inc,HOUSEHOLDS,35.209,126.158
382,Hane-Schumm,HOUSEHOLDS,46.915,130.745
383,Rolfson Jacobs and Schinner,CHILDFASHON,97.547,127.171
384,Greenfelder Group,MENFASHON,15.271,132.637
385,Sanford Ziemann and Stroman,CHILDFASHON,68.375,145.267
386,Runte Gorczany and Quitzon,MENFASHON,23.023,147.293
387,Funk Mohr and Goyette,CHILDFASHON,30.01,116.07
388,Marks and Sons,CHILDFASHON,99.894,142.773
389,Connelly-McCullough,WOMENFASHON,77.736,132.996
390,Howell-Skiles,KITCHENUTILITIES,26.58,133.576
391,Kautzer-Bailey,HOUSEHOLDS,23.742,114.029
392,Pfannerstill-Turcotte,MENFASHON,10.517,123.995
393,Padberg-Jacobi,WOMENFASHON,13.7,118.29
394,Green-O'Reilly,KITCHENUTILITIES,28.139,110.589
395,Gislason Brakus and Stokes,KITCHENUTILITIES,94.256,126.988
396,Keebler-Brown,KITCHENUTILITIES,29.808,123.418
397,Greenholt Lebsack and Kunde,MENFASHON,94.61,119.83
398,Feeney-Wiza,WOMENFASHON,42.937,103.891
399,Bergstrom Inc,WOMENFASHON,2.807,100.169
400,Emmerich-Nolan,HOUSEHOLDS,46.44,102.824
401,Ritchie Kohler and Johns,KITCHENUTILITIES,26.274,133.8
402,Runte Schmeler and O'Reilly,KITCHENUTILITIES,59.399,148.344
403,Gibson-Gleason,CHILDFASHON,93.795,147.375
404,Thiel-West,HOUSEHOLDS,38.928,132.305
405,Jaskolski Klocko and Senger,KITCHENUTILITIES,10.936,101.211
406,Kutch-Hettinger,CHILDFASHON,93.821,113.657
407,Emard-Schmitt,MENFASHON,92.665,100.68
408,Waters Bernier and Quigley,WOMENFASHON,49.251,102.021
409,Block Orn and Cole,KITCHENUTILITIES,28.723,106.65
410,Legros-McCullough,KITCHENUTILITIES,42.129,128.819
411,Kuhlman Anderson and Kuhn,HOUSEHOLDS,81.023,131.622
412,Dickens-Sporer,KITCHENUTILITIES,94.032,116.119
413,Fadel-Kessler,WOMENFASHON,43.272,122.312
414,Williamson Group,KITCHENUTILITIES,96.55,148.208
415,Crona-Pagac,KITCHENUTILITIES,67.571,105.051
416,Schamberger Flatley and Conroy,CHILDFASHON,23.221,108.184
417,Torp Kuphal and Daniel,WOMENFASHON,78.987,102.082
418,Halvorson and Sons,CHILDFASHON,42.023,143.62
419,Moore Group,MENFASHON,19.035,109.349
420,O'Hara-Wyman,KITCHENUTILITIES,11.517,111.031
421,Will-Kirlin,WOMENFASHON,59.289,109.619
422,Mills and Sons,KITCHENUTILITIES,3.93,115.327
423,Dicki and Sons,CHILDFASHON,91.815,124.377
424,Schamberger-Schultz,CHILDFASHON,30.595,114.955
425,Hermann Inc,WOMENFASHON,99.031,103.773
426,Beier Bartell and Von,KITCHENUTILITIES,42.381,137.777
427,Bayer O'Reilly and O'Kon,CHILDFASHON,59.466,117.65
428,Walsh-Kihn,KITCHENUTILITIES,73.47,107.799
429,Bogan-Smitham,MENFASHON,89.037,127.204
430,Roob-Bartoletti,CHILDFASHON,46.0,108.355
431,Hammes Group,MENFASHON,5.387,138.975
432,Upton Ernser and Wiegand,WOMENFASHON,3.974,114.435
433,Willms Littel and Walker,KITCHENUTILITIES,71.379,124.361
434,Batz Group,MENFASHON,84.602,142.096
435,Lubowitz-Kovacek,KITCHENUTILITIES,7.505,149.836
436,Koelpin Farrell and Hayes,KITCHENUTILITIES,95.2,127.627
437,Medhurst Inc,WOMENFASHON,90.938,109.641
438,Wilkinson Prohaska and Simonis,HOUSEHOLDS,80.353,123.93
439,Gleason-Kautzer,KITCHENUTILITIES,93.239,132.64
440,Friesen-Walker,WOMENFASHON,23.341,147.524
441,Konopelski-Yundt,CHILDFASHON,2.662,100.08
442,Langosh-Ernser,KITCHENUTILITIES,28.679,142.507
443,Kerluke Inc,KITCHENUTILITIES,2.754,108.253
444,Turcotte Leuschke and Koss,CHILDFASHON,43.383,113.049
445,Zemlak Blick and Watsica,WOMENFASHON,36.131,110.097
446,Metz Inc,KITCHENUTILITIES,81.492,109.067
447,Collins-Dibbert,CHILDFASHON,1.327,115.012
448,Murphy-Jerde,HOUSEHOLDS,55.853,112.33
449,Reichert and Sons,MENFASHON,3.552,147.634
450,Abshire Inc,MENFASHON,38.085,119.633
451,Armstrong-Gibson,MENFASHON,53.932,146.51
452,McCullough-Hammes,MENFASHON,39.471,102.348
453,Walsh Inc,MENFASHON,49.672,128.153
454,Wuckert and Sons,CHILDFASHON,79.678,123.079
455,Kshlerin-Erdman,WOMENFASHON,77.588,144.307
456,Cole Group,CHILDFASHON,82.904,141.122
457,Mante and Sons,CHILDFASHON,82.385,131.455
458,Bednar Boyer and Jast,KITCHENUTILITIES,77.838,142.624
459,Padberg Group,HOUSEHOLDS,75.353,120.343
460,Hagenes-Bradtke,HOUSEHOLDS,91.247,125.014
461,Muller Jacobs and Will,KITCHENUTILITIES,68.102,145.009
462,Witting-Haag,HOUSEHOLDS,62.963,120.516
463,Nienow Murray and Haag,WOMENFASHON,55.417,103.441
464,Zboncak-Dach,KITCHENUTILITIES,80.764,114.262
465,O'Hara-Ratke,CHILDFASHON,80.607,119.591
466,Purdy Schuppe and Koss,WOMENFASHON,92.678,136.552
467,Senger Ward and Barton,CHILDFASHON,71.676,106.487
468,Powlowski Auer and Champlin,MENFASHON,60.53,149.861
469,Walker-Paucek,HOUSEHOLDS,31.941,111.098
470,Hilll Cronin and Mitchell,CHILDFASHON,40.78,119.333
471,Macejkovic Collins and Haag,CHILDFASHON,15.301,120.633
472,Legros Klocko and Runte,KITCHENUTILITIES,85.478,138.509
473,Haag-Zulauf,KITCHENUTILITIES,49.302,147.599
474,Fadel Reinger and Thompson,MENFASHON,17.796,125.955
475,Cremin-Sauer,HOUSEHOLDS,21.522,149.019
476,Paucek and Sons,WOMENFASHON,12.422,129.443
477,Waelchi LLC,CHILDFASHON,67.947,125.714
478,Schamberger Kirlin and Hickle,CHILDFASHON,62.259,130.58
479,Ratke and Sons,WOMENFASHON,95.747,122.143
480,Abshire Hudson and Zulauf,KITCHENUTILITIES,84.889,105.395
481,Jacobson Bashirian and Roob,WOMENFASHON,9.845,135.611
482,Pfannerstill-Prohaska,MENFASHON,40.16,144.424
483,Fritsch Group,HOUSEHOLDS,73.611,131.427
484,Rosenbaum and Sons,WOMENFASHON,97.657,126.601
485,Jast-Anderson,MENFASHON,19.138,120.978
486,Bauch and Sons,WOMENFASHON,65.625,117.038
487,Rau-Leannon,HOUSEHOLDS,29.047,125.419
488,Denesik-Hauck,KITCHENUTILITIES,42.209,109.371
489,Pouros-Schuppe,WOMENFASHON,40.704,146.743
490,Hintz Labadie and Gibson,MENFASHON,53.458,108.12
491,Rath and Sons,CHILDFASHON,65.613,107.753
492,Schmeler and Sons,CHILDFASHON,30.122,112.065
493,Kuhn Crooks and Weimann,KITCHENUTILITIES,81.695,121.908
494,Satterfield Group,WOMENFASHON,94.412,121.529
495,Ritchie-Koss,MENFASHON,4.967,135.418
496,Schamberger-Gerhold,MENFASHON,71.291,110.152
497,Stoltenberg Nader and Blanda,KITCHENUTILITIES,80.029,130.572
498,Hagenes Barrows and Schumm,MENFASHON,81.077,149.404
499,Reinger Hirthe and Weber,WOMENFASHON,56.462,110.331
500,Goyette Hane and Hermann,KITCHENUTILITIES,66.924,139.661
501,Gibson-Sporer,CHILDFASHON,7.033,138.886
502,Parker Inc,WOMENFASHON,85.416,131.036
503,Denesik-Borer,WOMENFASHON,69.38,118.555
504,Reynolds-Thompson,MENFASHON,88.856,111.542
505,Borer-Abbott,KITCHENUTILITIES,21.241,149.083
506,Jacobs Volkman and Reichel,KITCHENUTILITIES,63.046,138.199
507,Hauck Inc,CHILDFASHON,22.027,115.618
508,Koch Inc,WOMENFASHON,36.92,104.8
509,Harris-Corkery,MENFASHON,70.155,140.563
510,Strosin-Jacobs,CHILDFASHON,3.465,135.587
511,Feest Hegmann and Pfeffer,MENFASHON,11.333,117.361
512,Moore Hodkiewicz and Windler,WOMENFASHON,50.423,136.299
513,Leannon Wintheiser and Mayert,HOUSEHOLDS,65.556,101.477
514,Kiehn LLC,HOUSEHOLDS,34.359,103.038
515,Volkman Group,HOUSEHOLDS,52.728,116.694
516,Mills-Hackett,CHILDFASHON,7.146,143.136
517,O'Hara Reynolds and Spinka,KITCHENUTILITIES,27.819,125.959
518,Kohler-Dare,KITCHENUTILITIES,24.351,131.403
519,Abernathy Cronin and Reichert,MENFASHON,4.822,109.712
520,Stehr LLC,HOUSEHOLDS,98.525,135.957
521,Johns-Wiza,HOUSEHOLDS,63.945,129.816
522,Frami LLC,WOMENFASHON,5.476,117.367
523,Gottlieb-Collins,KITCHENUTILITIES,58.302,100.362
524,Wiza-Konopelski,HOUSEHOLDS,65.947,147.084
525,Hoeger Hackett and Gusikowski,CHILDFASHON,18.107,123.014
526,Howell-Greenfelder,HOUSEHOLDS,79.121,101.905
527,Nienow LLC,KITCHENUTILITIES,6.726,114.76
528,Oberbrunner LLC,CHILDFASHON,12.402,117.9
529,Sporer Group,WOMENFASHON,91.69,106.784
530,Gislason-Lubowitz,MENFASHON,56.058,143.651
531,Daugherty Inc,WOMENFASHON,17.287,131.827
532,Witting Purdy and Nikolaus,CHILDFASHON,76.261,114.693
533,Kertzmann and Sons,KITCHENUTILITIES,18.558,124.178
534,Gutmann Adams and Witting,WOMENFASHON,34.887,116.605
535,Corwin-Kautzer,HOUSEHOLDS,97.499,103.148
536,Schuppe-Runolfsson,CHILDFASHON,28.867,136.353
537,Lehner Inc,WOMENFASHON,59.122,105.947
538,Schoen Group,CHILDFASHON,74.857,145.367
539,Little and Sons,CHILDFASHON,95.546,104.421
540,Kuhn and Sons,MENFASHON,90.86,102.372
541,Abshire and Sons,CHILDFASHON,33.28,129.911
542,Funk Kautzer and Metz,KITCHENUTILITIES,99.395,114.107
543,Casper-Runolfsson,KITCHENUTILITIES,4.569,129.354
544,Blick Robel and Blanda,WOMENFASHON,26.058,139.527
545,Ankunding Group,KITCHENUTILITIES,64.923,146.072
546,Funk Howe and Windler,MENFASHON,33.746,109.358
547,Shields Marks and Dach,CHILDFASHON,23.573,144.232
548,Jones-Mueller,MENFASHON,62.545,121.034
549,Weimann LLC,CHILDFASHON,78.299,142.449
550,Kassulke-Lind,CHILDFASHON,91.122,136.876
551,Paucek Group,WOMENFASHON,99.454,113.383
552,Howe Bergstrom and Daugherty,KITCHENUTILITIES,85.086,119.844
553,Funk-Harber,CHILDFASHON,16.882,109.154
554,Morar-Gislason,WOMENFASHON,42.471,148.516
555,Bergstrom-Prohaska,MENFASHON,95.451,122.87
556,Doyle and Sons,CHILDFASHON,8.15,119.851
557,Jakubowski Konopelski and Pacocha,MENFASHON,84.71,129.347
558,Walter-Heaney,WOMENFASHON,88.125,108.624
559,Nitzsche-Wolff,WOMENFASHON,43.319,133.777
560,Larson Brown and Toy,MENFASHON,19.003,135.994
561,Baumbach Dibbert and Marquardt,KITCHENUTILITIES,31.572,129.964
562,Kulas-Wuckert,KITCHENUTILITIES,61.326,143.887
563,Koepp-Sauer,CHILDFASHON,68.208,132.861
564,Kreiger LLC,MENFASHON,93.891,127.058
565,Gottlieb and Sons,HOUSEHOLDS,81.206,141.236
566,Flatley-Anderson,WOMENFASHON,75.787,115.145
567,West LLC,CHILDFASHON,1.484,109.388
568,Renner Witting and Hagenes,CHILDFASHON,50.038,102.474
569,Thiel Group,CHILDFASHON,18.599,120.887
570,Robel-Hirthe,CHILDFASHON,36.361,120.835
571,Rosenbaum and Sons,WOMENFASHON,85.905,115.505
572,Beatty LLC,MENFASHON,73.447,138.077
573,Witting-Bruen,KITCHENUTILITIES,58.633,100.771
574,Buckridge-Pfeffer,WOMENFASHON,6.074,126.413
575,Carter Frami and Thompson,HOUSEHOLDS,48.359,107.08
576,Thompson and Sons,HOUSEHOLDS,25.131,110.584
577,Strosin Reynolds and Sawayn,CHILDFASHON,72.388,130.422
578,MacGyver-Spencer,HOUSEHOLDS,13.676,111.602
579,Schoen-Hilll,MENFASHON,63.289,130.241
580,O'Keefe Group,CHILDFASHON,94.128,135.091
581,Mueller Inc,CHILDFASHON,18.76,147.292
582,Purdy Inc,CHILDFASHON,82.082,115.065
583,Abbott Hand and Greenholt,CHILDFASHON,80.608,108.632
584,Batz Ratke and Schneider,CHILDFASHON,87.318,135.578
585,White-Ferry,KITCHENUTILITIES,97.223,126.337
586,Swaniawski Jones and Jakubowski,CHILDFASHON,30.871,115.203
587,Carter LLC,MENFASHON,64.317,108.831
588,Hansen Group,HOUSEHOLDS,59.027,115.837
589,Satterfield Bradtke and Thiel,HOUSEHOLDS,56.123,100.763
590,Bartoletti Group,KITCHENUTILITIES,31.904,101.816
591,Kassulke-Donnelly,HOUSEHOLDS,18.585,113.874
592,Hoppe and Sons,CHILDFASHON,61.816,113.661
593,Pouros-Baumbach,CHILDFASHON,54.429,103.613
594,Swift-Emmerich,HOUSEHOLDS,4.949,100.933
595,Wunsch and Sons,WOMENFASHON,57.781,116.492
596,Hoeger Inc,HOUSEHOLDS,81.949,128.452
597,Armstrong-Walsh,MENFASHON,10.664,131.701
598,West and Sons,HOUSEHOLDS,24.637,117.441
599,Hane and Sons,KITCHENUTILITIES,60.795,146.914
600,Altenwerth LLC,MENFASHON,30.352,114.657
601,Robel-Shanahan,MENFASHON,5.478,101.152
602,Dicki Mante and Harris,MENFASHON,26.49,121.068
603,Beer Inc,WOMENFASHON,97.509,127.991
604,Thompson-Ferry,CHILDFASHON,59.165,141.774
605,McCullough Group,CHILDFASHON,47.347,148.124
606,Sanford Macejkovic and McKenzie,KITCHENUTILITIES,64.869,144.53
607,Heller-Hodkiewicz,MENFASHON,77.156,124.253
608,Leffler Kuvalis and Hills,KITCHENUTILITIES,85.698,107.966
609,Boyer-Smitham,KITCHENUTILITIES,12.223,135.448
610,Dickinson Group,WOMENFASHON,26.505,118.845
611,Weimann-Gorczany,HOUSEHOLDS,97.971,131.266
612,Zemlak Terry and Leuschke,KITCHENUTILITIES,75.939,121.963
613,Kertzmann Feeney and Hartmann,CHILDFASHON,14.377,147.772
614,Kautzer-Boehm,CHILDFASHON,67.551,145.021
615,Mertz Crist and Swift,HOUSEHOLDS,88.475,125.52
616,Daniel Medhurst and Mills,HOUSEHOLDS,74.031,103.966
617,Roob-Tillman,HOUSEHOLDS,28.69,140.352
618,Goodwin Group,MENFASHON,58.433,145.741
619,O'Kon-Harvey,WOMENFASHON,57.962,139.408
620,Dach-Huel,WOMENFASHON,82.651,139.675
621,Roob Group,MENFASHON,32.962,127.459
622,Dietrich Group,WOMENFASHON,25.149,141.969
623,Sporer-Bashirian,CHILDFASHON,76.99,125.83
624,Sporer-Hane,MENFASHON,87.039,101.27
625,Witting Inc,KITCHENUTILITIES,31.007,144.502
626,Grady Inc,WOMENFASHON,65.603,144.549
627,McLaughlin Group,MENFASHON,61.21,124.169
628,Hansen LLC,WOMENFASHON,24.477,111.703
629,Sanford-Marquardt,HOUSEHOLDS,86.492,128.716
630,Pouros-Barton,MENFASHON,57.341,102.655
631,Swaniawski Mohr and Lesch,CHILDFASHON,83.053,117.173
632,Boyle-Muller,CHILDFASHON,79.583,137.373
633,Hudson Macejkovic and Rowe,CHILDFASHON,16.818,141.328
634,Nolan Klocko and O'Connell,HOUSEHOLDS,57.582,122.9
635,Buckridge Kohler and Adams,WOMENFASHON,91.942,131.738
636,Kunde Block and Mills,CHILDFASHON,49.496,131.922
637,Fay Daugherty and Ortiz,WOMENFASHON,29.644,136.315
638,Thompson-Towne,KITCHENUTILITIES,32.236,103.163
639,Hettinger-Heller,CHILDFASHON,12.425,135.839
640,Wisoky LLC,MENFASHON,93.438,132.209
641,Schulist LLC,HOUSEHOLDS,89.913,133.328
642,Walter LLC,MENFASHON,30.323,137.543
643,Crooks Inc,KITCHENUTILITIES,58.924,101.896
644,Hudson-Christiansen,MENFASHON,23.458,133.406
645,Hickle Murphy and Carter,KITCHENUTILITIES,98.39,143.966
646,Goldner Pfannerstill and Konopelski,HOUSEHOLDS,25.19,133.18
647,Greenfelder Brakus and McClure,HOUSEHOLDS,54.868,130.745
648,Feest-Kunde,CHILDFASHON,5.257,121.374
649,Runolfsson-Davis,KITCHENUTILITIES,34.094,119.874
650,Herzog-Fadel,HOUSEHOLDS,50.682,108.42
651,Haag-Bashirian,KITCHENUTILITIES,10.299,111.957
652,Hodkiewicz Group,MENFASHON,76.216,107.091
653,Watsica Jones and Weissnat,CHILDFASHON,74.534,107.516
654,Christiansen-Abshire,CHILDFASHON,5.321,142.604
655,Bartell Douglas and Williamson,KITCHENUTILITIES,11.681,132.301
656,Torphy-Konopelski,HOUSEHOLDS,11.853,108.131
657,Robel Cummings and Marks,KITCHENUTILITIES,25.948,116.993
658,Davis LLC,HOUSEHOLDS,48.796,109.406
659,Robel Brown and Collier,WOMENFASHON,23.409,116.949
660,Dickinson-Bergstrom,KITCHENUTILITIES,26.108,136.586
661,Kiehn Group,HOUSEHOLDS,9.748,149.584
662,Boyle LLC,CHILDFASHON,20.888,100.697
663,Flatley Schuster and Weimann,KITCHENUTILITIES,93.214,125.402
664,Kuvalis VonRueden and Larson,WOMENFASHON,35.588,144.077
665,Kirlin Inc,WOMENFASHON,68.368,130.336
666,Lebsack-Pouros,MENFASHON,9.265,126.838
667,Zboncak Group,CHILDFASHON,92.174,142.082
668,Kihn Rolfson and Simonis,HOUSEHOLDS,85.851,103.095
669,Fahey Group,HOUSEHOLDS,43.761,117.38
670,Jenkins-Kreiger,WOMENFASHON,95.629,148.121
671,Mosciski-Schumm,MENFASHON,76.211,141.882
672,Volkman Baumbach and Huels,MENFASHON,52.523,137.009
673,Bode Murray and Schamberger,WOMENFASHON,3.354,108.309
674,Goodwin-Walsh,MENFASHON,92.736,111.695
675,Corkery Sipes and Schuster,CHILDFASHON,77.616,148.746
676,Johnston Group,CHILDFASHON,14.611,136.789
677,Ritchie and Sons,HOUSEHOLDS,77.577,128.21
678,Wolf Kiehn and Bosco,KITCHENUTILITIES,1.565,106.66
679,Muller Huel and Runolfsson,KITCHENUTILITIES,77.768,140.426
680,Turner Inc,CHILDFASHON,74.923,135.04
681,Jacobi and Sons,CHILDFASHON,50.731,112.068
682,Gerlach Group,HOUSEHOLDS,65.111,129.203
683,Medhurst Morar and Kuhlman,WOMENFASHON,66.996,113.599
684,Wolf Rolfson and Murphy,WOMENFASHON,54.39,112.681
685,Boyle Dooley and Miller,HOUSEHOLDS,11.865,128.828
686,Pacocha Davis and Zulauf,CHILDFASHON,49.647,149.205
687,Schulist-Farrell,KITCHENUTILITIES,92.053,132.506
688,Schowalter-Schimmel,MENFASHON,55.458,124.402
689,Sawayn Group,CHILDFASHON,9.796,148.709
690,Ziemann Inc,CHILDFASHON,19.461,101.876
691,Ullrich King and Schneider,CHILDFASHON,33.944,131.732
692,Wuckert Parisian and Fisher,HOUSEHOLDS,37.476,140.902
693,Maggio-Weber,HOUSEHOLDS,34.905,122.343
694,Boyer Tillman and Wintheiser,HOUSEHOLDS,69.742,123.123
695,Graham LLC,HOUSEHOLDS,86.41,129.342
696,Barrows Hyatt and Fisher,MENFASHON,79.73,126.836
697,Zieme-Vandervort,WOMENFASHON,35.014,135.366
698,Glover-Simonis,CHILDFASHON,38.184,110.484
699,Gorczany Group,MENFASHON,77.322,148.597
700,Lowe Inc,HOUSEHOLDS,8.929,121.137
701,Schultz-Olson,HOUSEHOLDS,41.726,126.706
702,Hegmann Smith and Schoen,MENFASHON,69.811,143.829
703,Grant LLC,MENFASHON,81.825,144.991
704,Buckridge-Pouros,CHILDFASHON,12.325,141.134
705,Mitchell Group,KITCHENUTILITIES,26.858,114.483
706,Gleichner-Orn,WOMENFASHON,27.094,121.143
707,Larson Lockman and Lynch,KITCHENUTILITIES,60.858,129.806
708,Ruecker Group,HOUSEHOLDS,99.764,103.36
709,Schuppe Breitenberg and Kutch,WOMENFASHON,44.052,118.035
710,O'Keefe Trantow and Feeney,KITCHENUTILITIES,51.11,136.72
711,Cummings-Brekke,WOMENFASHON,59.33,118.476
712,Gorczany-Fay,MENFASHON,73.479,108.37
713,Balistreri Group,WOMENFASHON,13.896,122.175
714,Reinger Group,WOMENFASHON,96.319,125.61
715,Wunsch-Gulgowski,MENFASHON,24.772,109.363
716,Kuhic-Emmerich,MENFASHON,32.05,133.46
717,Beer Nolan and Stark,KITCHENUTILITIES,39.378,110.32
718,Reinger-Mraz,KITCHENUTILITIES,98.987,147.089
719,Jast-Kihn,KITCHENUTILITIES,55.093,106.211
720,Mosciski Cruickshank and Streich,WOMENFASHON,42.304,108.776
721,Ward Botsford and Herzog,HOUSEHOLDS,98.068,126.51
722,Frami LLC,HOUSEHOLDS,77.676,130.924
723,Jacobs and Sons,KITCHENUTILITIES,92.154,114.626
724,Kutch Weber and Little,WOMENFASHON,47.757,140.304
725,Hauck-Ferry,CHILDFASHON,29.853,113.648
726,Lehner-Rodriguez,WOMENFASHON,10.209,136.783
727,Ankunding-Kautzer,CHILDFASHON,72.961,138.633
728,Greenholt Group,MENFASHON,19.355,141.558
729,Buckridge-Dach,KITCHENUTILITIES,56.663,119.554
730,Howell-Zieme,HOUSEHOLDS,85.917,126.48
731,Lehner-Renner,WOMENFASHON,63.956,100.454
732,Robel Wiza and Casper,MENFASHON,68.308,124.346
733,Corwin Hand and Hammes,KITCHENUTILITIES,96.895,114.459
734,Becker Romaguera and Lockman,MENFASHON,41.782,131.63
735,Goldner Group,MENFASHON,76.433,110.145
736,Balistreri-Borer,HOUSEHOLDS,59.743,110.817
737,Smitham Hettinger and Swaniawski,HOUSEHOLDS,39.376,129.297
738,Langworth O'Connell and Kunde,CHILDFASHON,43.627,139.883
739,Beahan Hettinger and Murphy,WOMENFASHON,84.011,124.857
740,Leuschke Anderson and Reinger,HOUSEHOLDS,33.573,127.555
741,Gislason-Jaskolski,KITCHENUTILITIES,46.604,107.268
742,Willms Johns and Mante,HOUSEHOLDS,21.84,102.155
743,Jaskolski and Sons,MENFASHON,77.818,131.49
744,Hermann-Ferry,MENFASHON,44.367,102.613
745,Rice-Lowe,CHILDFASHON,14.954,126.016
746,Bosco Dare and Swift,CHILDFASHON,24.816,138.157
747,Blick Robel and Gleason,WOMENFASHON,74.177,136.412
748,Herman Inc,KITCHENUTILITIES,3.091,145.724
749,Boyer-Kulas,WOMENFASHON,59.737,118.343
750,Johnson-O'Keefe,MENFASHON,36.266,106.694
751,Gorczany-Shields,KITCHENUTILITIES,38.725,105.997
752,Grimes Inc,CHILDFASHON,91.709,122.233
753,Emard LLC,CHILDFASHON,2.261,101.9
754,Deckow Lueilwitz and King,WOMENFASHON,30.266,113.127
755,Schultz Herman and Kutch,CHILDFASHON,20.498,143.955
756,Haley-Nitzsche,WOMENFASHON,3.498,141.892
757,West-Block,CHILDFASHON,84.15,149.701
758,Kiehn-Dietrich,CHILDFASHON,65.058,134.596
759,Dare Group,KITCHENUTILITIES,38.685,123.782
760,Waters-Torp,CHILDFASHON,50.971,119.205
761,Welch Inc,CHILDFASHON,29.784,129.152
762,Rau Group,KITCHENUTILITIES,4.285,100.462
763,Conn Swift and Cole,KITCHENUTILITIES,68.036,148.308
764,Friesen Auer and Carter,HOUSEHOLDS,54.389,125.065
765,Cartwright Group,MENFASHON,81.31,123.724
766,Feest-Friesen,WOMENFASHON,66.713,112.321
767,Lemke-Lehner,KITCHENUTILITIES,27.773,101.711
768,Frami-Schmeler,WOMENFASHON,99.414,130.746
769,Goyette Group,KITCHENUTILITIES,77.813,129.5
770,Hayes-Schroeder,WOMENFASHON,93.662,105.51
771,Morar Group,MENFASHON,9.859,148.057
772,Gottlieb Graham and Hills,KITCHENUTILITIES,59.847,126.449
773,Kirlin-Price,MENFASHON,92.05,133.689
774,Goyette Walter and Braun,WOMENFASHON,79.1,149.737
775,Wehner-Jacobson,CHILDFASHON,62.928,128.139
776,Jerde LLC,KITCHENUTILITIES,46.859,107.047
777,McDermott and Sons,HOUSEHOLDS,65.976,122.811
778,Walker-Koepp,WOMENFASHON,41.974,131.03
779,Bahringer-Langosh,CHILDFASHON,37.721,121.618
780,Torphy Baumbach and Von,HOUSEHOLDS,26.756,133.665
781,Hahn Kihn and Bogan,CHILDFASHON,62.991,129.174
782,Carter-Deckow,MENFASHON,60.948,114.211
783,Feeney and Sons,HOUSEHOLDS,45.808,125.753
784,Hahn and Sons,KITCHENUTILITIES,73.316,106.47
785,Hudson LLC,KITCHENUTILITIES,16.056,137.896
786,Crooks Boyer and Turcotte,MENFASHON,18.394,101.802
787,Bailey Stiedemann and Mraz,HOUSEHOLDS,83.405,145.793
788,Spinka-Roberts,MENFASHON,88.822,118.366
789,Wisozk-Stamm,CHILDFASHON,64.603,116.422
790,Lesch-Koelpin,HOUSEHOLDS,75.342,100.922
791,Deckow LLC,WOMENFASHON,8.864,129.091
792,Walter-Smith,MENFASHON,79.706,139.664
793,Heaney and Sons,KITCHENUTILITIES,39.285,129.444
794,Trantow Inc,HOUSEHOLDS,19.912,103.068
795,Schuppe Tromp and Schroeder,HOUSEHOLDS,15.813,102.838
796,Terry Inc,KITCHENUTILITIES,18.959,121.311
797,Zemlak-Deckow,CHILDFASHON,51.769,149.229
798,Fisher Corwin and Bartoletti,KITCHENUTILITIES,95.703,143.949
799,Leuschke-Rutherford,KITCHENUTILITIES,27.472,141.274
800,Reynolds-Stark,HOUSEHOLDS,24.762,130.427
801,Bins LLC,CHILDFASHON,99.1,149.735
802,Luettgen-Yundt,CHILDFASHON,83.978,136.585
803,Smith Lind and Zulauf,HOUSEHOLDS,5.84,118.857
804,Moen Group,WOMENFASHON,78.398,119.07
805,Roberts Inc,CHILDFASHON,99.354,133.042
806,Bogisich Adams and Wyman,WOMENFASHON,52.958,130.086
807,Maggio LLC,CHILDFASHON,10.876,131.617
808,Thiel-Becker,WOMENFASHON,97.822,148.147
809,Kuhlman-Homenick,HOUSEHOLDS,48.99,123.026
810,Klocko-Kris,CHILDFASHON,86.337,143.803
811,Keebler LLC,CHILDFASHON,40.677,118.217
812,Kerluke Inc,KITCHENUTILITIES,61.365,101.092
813,Connelly-Parker,WOMENFASHON,35.808,117.236
814,Bechtelar Lesch and Grant,HOUSEHOLDS,42.576,109.047
815,Goyette and Sons,WOMENFASHON,94.941,130.539
816,Olson Inc,MENFASHON,6.227,117.996
817,Mueller-Runolfsson,WOMENFASHON,21.007,104.196
818,Farrell Lindgren and Luettgen,MENFASHON,87.02,104.102
819,Pacocha and Sons,HOUSEHOLDS,75.246,119.517
820,Kemmer and Sons,CHILDFASHON,56.612,112.03
821,Wolf Connelly and Strosin,HOUSEHOLDS,89.437,124.865
822,Schowalter and Sons,HOUSEHOLDS,22.731,110.987
823,Sipes Inc,HOUSEHOLDS,74.645,116.591
824,Wuckert Sanford and Lemke,CHILDFASHON,98.315,108.084
825,Schuppe LLC,MENFASHON,32.218,110.831
826,Abshire Mueller and Bernhard,MENFASHON,12.177,139.161
827,Cormier LLC,HOUSEHOLDS,42.402,100.588
828,Kautzer Nienow and Moore,HOUSEHOLDS,82.865,139.519
829,Ullrich-Stamm,KITCHENUTILITIES,60.422,141.702
830,Yost Ruecker and Harvey,CHILDFASHON,23.594,131.685
831,Rodriguez-Dickinson,CHILDFASHON,90.879,116.696
832,Daniel Wiegand and Stiedemann,MENFASHON,57.403,132.998
833,Stokes Borer and Cummings,WOMENFASHON,45.399,128.894
834,Stoltenberg-Labadie,MENFASHON,20.411,113.839
835,Gottlieb-Hickle,KITCHENUTILITIES,82.559,135.134
836,Ullrich-Gulgowski,CHILDFASHON,21.244,127.62
837,Bahringer Pfeffer and Reichert,CHILDFASHON,66.63,105.039
838,Klein-Zieme,MENFASHON,50.854,133.811
839,Runte Langosh and Marks,CHILDFASHON,3.428,138.007
840,Spinka Group,KITCHENUTILITIES,63.204,138.45
841,Feil Nader and Robel,CHILDFASHON,42.951,134.547
842,Johnson Group,CHILDFASHON,3.746,139.247
843,Reichel Rutherford and Hansen,KITCHENUTILITIES,52.236,138.644
844,Gutkowski Becker and Gusikowski,HOUSEHOLDS,85.434,128.01
845,Larson Group,HOUSEHOLDS,22.263,109.282
846,Smith and Sons,KITCHENUTILITIES,80.844,125.075
847,Kihn LLC,WOMENFASHON,68.182,143.893
848,Rath and Sons,HOUSEHOLDS,82.171,100.307
849,Nolan Lowe and Morar,WOMENFASHON,49.2,130.594
850,Leuschke Inc,WOMENFASHON,45.959,145.992
851,Lowe Johnston and Dibbert,MENFASHON,17.689,141.505
852,Schoen-Goyette,MENFASHON,50.208,115.774
853,Stokes LLC,WOMENFASHON,17.979,102.697
854,Cruickshank Inc,WOMENFASHON,41.108,129.918
855,Lehner Little and Effertz,KITCHENUTILITIES,40.254,136.677
856,Hermann and Sons,KITCHENUTILITIES,63.27,131.406
857,Bergnaum Gusikowski and Fay,KITCHENUTILITIES,96.199,115.328
858,Larkin Inc,HOUSEHOLDS,43.964,146.605
859,Watsica Nitzsche and Cremin,CHILDFASHON,62.371,147.97
860,McDermott Turcotte and Kassulke,KITCHENUTILITIES,18.804,148.247
861,Beer Inc,WOMENFASHON,7.415,119.773
862,Batz Auer and Bogisich,KITCHENUTILITIES,67.443,132.145
863,Steuber Frami and Stark,CHILDFASHON,9.916,119.132
864,Bailey and Sons,WOMENFASHON,7.2,137.382
865,Toy Inc,KITCHENUTILITIES,79.218,111.942
866,Stanton Frami and Zemlak,CHILDFASHON,55.102,116.873
867,Walsh and Sons,MENFASHON,30.691,126.815
868,Daniel LLC,CHILDFASHON,44.539,124.207
869,Weber Gottlieb and Jenkins,MENFASHON,49.286,100.016
870,Pagac Gibson and Kunde,KITCHENUTILITIES,24.783,133.342
871,Skiles Reichel and Schultz,HOUSEHOLDS,7.227,139.681
872,Altenwerth Medhurst and Zulauf,MENFASHON,45.836,105.871
873,Larson Beier and Boyle,HOUSEHOLDS,90.067,101.802
874,Mills-Carroll,KITCHENUTILITIES,38.879,111.09
875,Balistreri Wiza and Rippin,CHILDFASHON,10.471,111.611
876,Lang Inc,WOMENFASHON,43.213,102.851
877,Rippin Jacobs and Wisozk,CHILDFASHON,79.76,126.381
878,Heaney-Von,WOMENFASHON,96.285,111.035
879,Jacobs Ritchie and Muller,MENFASHON,41.813,140.56
880,Green Wolff and Bahringer,HOUSEHOLDS,44.874,117.397
881,Barton-Kilback,WOMENFASHON,87.942,108.886
882,Kiehn-Walsh,KITCHENUTILITIES,90.441,144.302
883,Nader Parker and Dietrich,CHILDFASHON,67.214,141.366
884,Lind Morar and Haley,HOUSEHOLDS,82.861,129.29
885,Ankunding Beier and Upton,KITCHENUTILITIES,66.876,134.515
886,O'Hara Inc,CHILDFASHON,79.027,136.099
887,O'Reilly-Beatty,KITCHENUTILITIES,8.742,135.842
888,Langworth LLC,HOUSEHOLDS,54.593,101.622
889,Renner-Bednar,KITCHENUTILITIES,18.511,122.248
890,Lynch Group,CHILDFASHON,47.753,111.329
891,Schmeler Inc,KITCHENUTILITIES,32.285,141.251
892,Hodkiewicz and Sons,CHILDFASHON,18.988,138.208
893,Tillman LLC,CHILDFASHON,19.466,103.275
894,Nikolaus-Schamberger,MENFASHON,96.271,117.38
895,Murray Goodwin and Kovacek,MENFASHON,70.576,130.476
896,Klein-Krajcik,MENFASHON,38.827,140.631
897,Williamson-Prosacco,HOUSEHOLDS,29.829,149.936
898,Turner-O'Hara,CHILDFASHON,47.788,133.169
899,Hettinger-Grady,KITCHENUTILITIES,30.142,143.9
900,Nienow-Robel,CHILDFASHON,13.156,103.443
901,Reichert-Smitham,WOMENFASHON,7.155,122.612
902,Blick Inc,CHILDFASHON,71.592,120.812
903,Dach Ledner and Klein,HOUSEHOLDS,50.562,129.614
904,Volkman Ferry and Muller,KITCHENUTILITIES,75.769,149.474
905,Fadel Witting and Reichel,MENFASHON,32.181,107.56
906,Rodriguez LLC,MENFASHON,22.694,121.578
907,Brown Rosenbaum and Fay,HOUSEHOLDS,68.644,110.241
908,Walker Group,HOUSEHOLDS,80.684,147.033
909,Beer Kling and Satterfield,HOUSEHOLDS,58.038,126.731
910,Beahan Inc,KITCHENUTILITIES,69.235,148.06
911,Pacocha Howell and Nitzsche,KITCHENUTILITIES,90.515,117.808
912,Hoeger Mann and Stanton,WOMENFASHON,98.627,102.955
913,Farrell LLC,HOUSEHOLDS,4.498,123.081
914,Murazik-Boehm,MENFASHON,32.279,122.091
915,Kshlerin-Bogan,WOMENFASHON,9.348,104.975
916,Greenfelder Group,KITCHENUTILITIES,33.277,124.594
917,Graham Group,MENFASHON,90.682,123.188
918,Sanford Boyle and Collier,KITCHENUTILITIES,66.755,135.217
919,Marvin Inc,KITCHENUTILITIES,7.31,148.23
920,Block-Hodkiewicz,MENFASHON,39.8,125.665
921,Morissette and Sons,KITCHENUTILITIES,68.821,119.411
922,Dach Roberts and Hauck,KITCHENUTILITIES,38.737,144.433
923,Howe Fahey and Dach,MENFASHON,61.335,115.059
924,Durgan-Torphy,HOUSEHOLDS,48.675,140.541
925,Murray Lindgren and Jones,CHILDFASHON,58.932,146.654
926,Jacobs Pagac and Littel,WOMENFASHON,96.119,107.936
927,Stamm Stokes and McCullough,WOMENFASHON,53.543,145.926
928,Gulgowski Homenick and Weissnat,CHILDFASHON,10.832,138.994
929,Beier LLC,WOMENFASHON,13.358,121.822
930,Fadel-Morar,WOMENFASHON,61.903,107.212
931,Stark Buckridge and Kiehn,KITCHENUTILITIES,95.672,125.452
932,Parker Feeney and Pfeffer,CHILDFASHON,11.833,126.596
933,Schaden-Baumbach,HOUSEHOLDS,32.86,116.757
934,Krajcik-Brekke,WOMENFASHON,21.509,129.913
935,Welch Wiza and Schamberger,KITCHENUTILITIES,81.611,137.565
936,Schaden LLC,KITCHENUTILITIES,92.81,104.055
937,Huel Kuhlman and DuBuque,KITCHENUTILITIES,86.377,134.751
938,D'Amore Aufderhar and Fahey,KITCHENUTILITIES,18.688,102.285
939,Weber Wisoky and Feeney,MENFASHON,47.418,112.799
940,Raynor-King,KITCHENUTILITIES,31.26,124.424
941,Schmidt-Senger,WOMENFASHON,41.049,146.843
942,Dach-Schmidt,WOMENFASHON,96.827,137.681
943,Morar LLC,CHILDFASHON,59.679,118.441
944,Brakus-Sauer,CHILDFASHON,27.939,112.522
945,Swift Inc,HOUSEHOLDS,4.881,140.142
946,Jast Group,MENFASHON,77.434,144.561
947,Davis Lockman and Ledner,HOUSEHOLDS,57.209,141.284
948,Bosco and Sons,KITCHENUTILITIES,83.465,129.755
949,Reynolds-Raynor,MENFASHON,94.082,129.962
950,Kulas and Sons,KITCHENUTILITIES,94.331,118.283
951,Funk-Weissnat,WOMENFASHON,58.242,121.409
952,Batz-Brakus,KITCHENUTILITIES,84.199,119.457
953,Mayert-Gleason,HOUSEHOLDS,68.977,141.707
954,Bins DuBuque and Borer,MENFASHON,94.824,113.505
955,Walker Jast and Block,MENFASHON,55.227,147.312
956,Kerluke Pagac and Kilback,WOMENFASHON,21.254,140.736
957,Zieme-Kulas,HOUSEHOLDS,65.079,123.072
958,Murazik Group,KITCHENUTILITIES,44.419,120.497
959,Streich Lueilwitz and Roberts,HOUSEHOLDS,50.975,131.613
960,Beier and Sons,KITCHENUTILITIES,29.905,144.107
961,Waelchi Group,MENFASHON,8.357,144.622
962,Cole Group,WOMENFASHON,1.348,106.055
963,Kautzer Osinski and Wolff,HOUSEHOLDS,7.409,114.756
964,Kerluke Inc,KITCHENUTILITIES,63.673,108.449
965,Bartoletti-Hilpert,MENFASHON,40.57,115.806
966,Rau-Rempel,CHILDFASHON,68.853,100.904
967,Schumm Inc,HOUSEHOLDS,61.362,110.603
968,Emard-Russel,MENFASHON,26.16,134.022
969,McLaughlin-Lynch,CHILDFASHON,81.541,131.976
970,Marquardt-Hills,MENFASHON,78.278,143.59
971,Mann Little and Schneider,HOUSEHOLDS,13.32,131.634
972,Schmeler Group,HOUSEHOLDS,61.997,146.763
973,Graham Jast and Toy,HOUSEHOLDS,53.665,104.073
974,Volkman-Bruen,WOMENFASHON,1.306,127.714
975,Sporer-Ledner,CHILDFASHON,49.279,126.701
976,Schroeder Ryan and Miller,WOMENFASHON,6.43,140.517
977,Quigley LLC,WOMENFASHON,26.744,148.894
978,Hauck Herman and Rolfson,HOUSEHOLDS,1.813,117.734
979,Moore Inc,MENFASHON,4.837,112.243
980,Kreiger Dare and Cartwright,KITCHENUTILITIES,59.368,101.283
981,O'Conner LLC,WOMENFASHON,48.649,131.021
982,Bergnaum-Hoppe,KITCHENUTILITIES,20.07,122.489
983,Blanda Group,HOUSEHOLDS,92.252,112.134
984,Kertzmann Altenwerth and Aufderhar,CHILDFASHON,87.973,104.115
985,Schimmel LLC,CHILDFASHON,90.54,108.136
986,Kertzmann-Sipes,CHILDFASHON,73.518,136.022
987,Hudson LLC,CHILDFASHON,27.186,147.021
988,Kautzer Reynolds and Morissette,WOMENFASHON,38.125,149.562
989,Murazik-West,MENFASHON,29.71,128.103
990,Hammes Kunze and Erdman,MENFASHON,59.806,129.344
991,Rowe-Stiedemann,KITCHENUTILITIES,46.586,114.322
992,Franecki Hilll and Schumm,MENFASHON,67.7,118.443
993,Adams Group,WOMENFASHON,22.397,124.614
994,Von LLC,MENFASHON,1.751,127.413
995,Wisozk LLC,WOMENFASHON,10.267,128.167
996,Stiedemann Lemke and Will,MENFASHON,58.046,109.213
997,Hackett-Abshire,HOUSEHOLDS,32.795,127.996
998,Kunze-Von,CHILDFASHON,61.361,104.904
999,Grady Inc,MENFASHON,34.608,127.508
1000,Hills Inc,KITCHENUTILITIES,13.648,115.51
